Execution, Avg_Time(milliseconds)
1, 12059.157894736842
2, 4626.789473684211
3, 4573.368421052632
4, 4661.0526315789475
5, 4725.736842105263
