Execution, Avg_Time(milliseconds)
1, 26065.0
2, 18412.052631578947
3, 18100.052631578947
4, 18183.684210526317
5, 18202.63157894737
